date;message_id;reply_to_msg_id;channel_name;channel_id;sender;sender_id;message;views;comments;reactions;channel_members_count;channel_url;reactions_total;forwarded;forwards;topic_title
2026-09-11 10:43:03+00:00;4718;;Поступашки - Олимпиады, ЕГЭ, ДВИ;1181415520;;-1;💪** Прокачай себя к ВсОШ: бесплатные онлайн-сборы по математике и программированию Яндекса**  Если ты учишься в 7–11 классе и хочешь уверенно войти в олимпиадный сезон, самое время начать. Яндекс запустил сразу два направления подготовки к школьному этапу ВсОШ: по математике и по программированию. Ведут сборы — преподаватели Яндекс Кружка, призеры и победители олимпиад.   Направления:  🔹[**Программирование**](https://yandex.ru/yaintern/olympiads/vsosh-inf?utm_source=telegram&utm_medium=social&utm_campaign=vsosh26&utm_term=postupashki&erid=2SDnjeVGhdD) (1–8 октября). Программа разделена на два курса: для 7–8 классов, кто только начинает знакомиться с олимпиадным программированием, и для 9–11, кто уже в теме. К лекциям прилагаются контесты и видеоразборы, отдельно разберут задачи школьных этапов прошлых лет.  🔹[**Математика**](https://yandex.ru/yaintern/olympiads/vsosh-mat?utm_source=telegram&utm_medium=social&utm_campaign=vsosh26&utm_term=postupashki&erid=2SDnjeVGhdD) (10 сентября – 11 октября). Здесь отдельные программы для каждого класса с 7 по 11, а сложность соответствует уровню первых этапов ВсОШ. Формат: видеоуроки по ключевым олимпиадным темам и задачи с автоматической и ручной проверкой.  В конце каждого курса ждёт пробная олимпиада: она покажет, какие темы стоит подтянуть перед новым сезоном. Участники получат сертификат и доступ к материалам прошлых сборов, а лучшие – фирменный мерч и экскурсию в офис Яндекса.  Присоединяйся к сборам и заложи базу на весь год 🔥;2463;0;;31101;https://t.me/postupashki;0;0;101;
2026-09-08 17:28:53+00:00;4717;;Поступашки - Олимпиады, ЕГЭ, ДВИ;1181415520;;-1;ℹ️ **Первые отборы этого года!**  Камрады, регистрация на первые отборочные этапы сезона 26-27 по математике уже началась! Поэтому сегодня я предлагаю обсудить особенности каждого из отборов и нововведения этого года. [ ](https://postypashki.ru/олимпиады/олимпиада-юмш/) ➡️ [**Олимпиада ЮМШ**](https://postypashki.ru/олимпиады/олимпиада-юмш/)** (2 уровень)** Первый отборочный этап пройдет уже [**13-го сентября**](https://yumsh.ru/cms/yumsh-olymp/2026-27), регистрация осуществляется через** **[**платформу т-банка**](https://education.tbank.ru/school/events/yumsh-olymp/). Основная специфика тут в следующем: он проходит в дистанционном формате, вам дается достаточно много времени, целых 5 часов, а решить за него нужно всего 5 задачек. Сами задачки непростые (можете оценить[** вариант прошлого года**](https://yumsh.ru/cms/sites/default/files/reshenie_pervogo_otborochnogo_tura.pdf)), чистая классика, но попытаться я вам точно советую! Ну и если вы его завалите, то тут тоже ничего страшного: можно написать второй отбор, который будет в октябре и если вы наберете достаточно баллов на нем, то на закл вы попадете!   **Важно: **будьте осторожны с использованием нейронок и коллективными решениями. Организаторы подходят к проверке серьезно, реально все чекают (с использованием тех же нейросетей это делать очень просто) и банят очень жестко. [ ](https://postypashki.ru/олимпиады/высшая-проба/) ➡️ [**Олимпиада Высшая проба**](https://postypashki.ru/олимпиады/высшая-проба/)** (1 уровень)** Тут советую прямо не откладывать, регистрация закончится уже [**21-го сентября**](https://olymp.hse.ru/mmo/timetable), регистрация осуществляется через личный кабинет ВШЭ, с инструкцией можно познакомиться [**тут**](https://olymp.hse.ru/mmo/instr-reg). Основная специфика этого года в следующем: отбор проходит в дистанционном формате, вам дается всего 45 минут, то есть от отбора прошлого года, когда все написали на 100 баллов благодаря ГПТ это будет отличаться ну прямо очень сильно. То есть тут скорее всего будут не очень сложные задачки, но их будет много и будет прокторинг, поэтому нужно готовиться!   **Важно: **не нужно тянуть с регистрацией! После 21-го числа у вас не будет возможности принять участие, ну и в последний день может быть прямо сильный наплыв и технические траблы, поэтому не тяните и сделайте все заранее.  ➡️ [**Олимпиада ФизТех**](http://postypashki.ru/олимпиады/физтех/)** (1 уровень)** Первый отборочный этап пройдет уже [**10-го октября**](https://olymp-online.mipt.ru/event/449), регистрация осуществляется через[** сайт МФТИ**](https://olymp-online.mipt.ru/pre-reg/) доступна на первый тур она до 10-го октября, но если вы не успели, то ничего страшного - можно будет зарегаться на следующий отбор и написать его. Основная специфика тут в следующем: тоже дистанционно все, вам дается 4 часа, будет скорее всего 10 задачек. Сами задачки скорее на технику, но с учетом первого левла они могут дать и немного классики!  **Важно: **в прошлом году орги отнеслись прямо наплевательски, но в этом году спущена жесткая директива и отбор будет жесткий. То есть тут вам и прокторинг, и нейрочекинг совпадающих ответов, и запись рабочего стола и все прелести.  [ ](https://postypashki.ru/олимпиады/изумруд/) ➡️ [**Олимпиада Изумруд**](https://postypashki.ru/олимпиады/изумруд/)** (3 уровень)** А тут отбор уже начался! Да-да, вы не ослышались, уже можно начать решать задачи, то есть дата начала отбора и начала регистрации совпадают и зарегаться можно будет до самого конца отбора. Регистрация и олимпиада проходят через[ **сайт урфу**](https://dovuz.urfu.ru/olymps/izumrud/registration?ysclid=mtsxrcizh5678181509). На сам отбор вам дается всего 1 час и 10 задачек (микс техники и простой классики). То есть решать нужно прямо достаточно быстро. Прокторинг присутствует, поэтому не жулим! Конечно, кому-то покажется, что если отбор [**длится до 19 января**](https://dovuz.urfu.ru/olymps/izumrud?ysclid=mtsxungycr769852378), то можно не торопиться, но мой вам совет: пока никаких других отборов нет - пишите (вы сейчас свободны, время есть, а через пару месяцев у вас будет жесткий цейтнот).   **Важно: я** вам не советую писать прямо сейчас. На данный момент в одной задаче по геометрии условие неполное, организаторы скорее всего в ближайшее время исправят, но лучше пару недель подождать.  Короче, пока ситуация такая. Обо всех изменениях я буду сообщать вам камрады, ну а если вы хотите видеть подобную подборку для олимпиад по экономике, то срочно следуйте на [**соответствующий канал**](https://t.me/postupashki_economics) ✈️;5898;20;;31101;https://t.me/postupashki;0;0;378;
2026-09-08 09:26:44+00:00;4716;;Поступашки - Олимпиады, ЕГЭ, ДВИ;1181415520;;-1;**Хочешь стать аналитиком? Подай заявку на олимпиаду DANO**  Попробуй себя в роли аналитика на олимпиаде НИУ ВШЭ и Т-Банка. Тебя ждут: — Тест-драйв профессии до поступления. — Задания, составленные на реальных данных. — Командная работа, как в настоящих исследованиях и аналитических отделах. — Выездной проектный тур для финалистов. — Упрощенный отбор на стажировку в Т-Банке для победителей.  Не страшно, если нет опыта в анализе данных. Хватит школьных знаний по математике и логике. Перед каждым этапом будет обучающий модуль.  Подай заявку до 5 октября [**по** **ссылке**](https://dano.hse.ru/?utm_source=telegram&utm_medium=blg.fix&utm_campaign=edu-dano-cntst_blg_pf_all_tg_fix_postcr_dp_0926_rus_cdev_web_cnl.postupashki&erid=2VtzqxfGW4C);6215;14;;31101;https://t.me/postupashki;0;0;103;
2026-09-04 14:22:32+00:00;4715;;Поступашки - Олимпиады, ЕГЭ, ДВИ;1181415520;;-1;**Как в регионах теперь учат разработке будущих айтишников**  Камрады, если кто-то из вас в Нижнем Новгороде учится (или планирует поступать) на «Компьютерные науки и технологии» в ВШЭ — держите разбор.  Кампус запустил совместно с Авито специализацию «Разработка и развитие высоконагруженных систем». На ней учат делать сервисы, которые держат миллионы одновременных запросов и не падают под нагрузкой. Это часть бакалавриата: два года, доступно после второго курса, отбор конкурсный (успеваемость, мотивация, тестирование).  По стеку: Go с нуля (заранее знать не нужно), микросервисная архитектура, распределённые системы, DevOps и нагрузочное тестирование — то есть не только писать код, но и понимать, как он ведёт себя под реальным трафиком.  Практический трек — на настоящих бизнес-задачах Авито, под наставничеством тимлидов, ВКР готовят с экспертами компании. По итогам — шанс побороться за отбор на оплачиваемую стажировку.  Бонус: в кампусе открыли брендированную аудиторию Авито на 100 мест — доступна всем студентам, не только участникам специализации.  Если у вас похожая программа запускается в другом регионе — пишите в комментах, интересно собрать картину.;8774;1;;31101;https://t.me/postupashki;0;0;24;
2026-09-04 11:18:52+00:00;4714;;Поступашки - Олимпиады, ЕГЭ, ДВИ;1181415520;;-1;**📊**** Как забатать олимпиадную экономику?** Часть 1  До начала учебного года остаётся совсем немного, поэтому собрали маршрут, по которому можно закрывать олимпиадную экономику с нуля. Ниже — первая половина микроэкономики: что должно получаться после каждой темы, где читать теорию и на чём набивать руку.  **1. Начните со спроса и предложения.** Здесь важно научиться складывать индивидуальные функции, восстанавливать их по условию, находить равновесие, избыток и дефицит, учитывать сдвиги кривых и не путать изменение спроса с изменением величины спроса. Теорию удобно читать в [EconGuide Сафронова](https://t.me/postupashkiecon_file/7) на стр. 200–235. Затем отдельно разберите эластичность по [учебнику Рэма](https://t.me/postupashkiecon_file/2) на стр. 184–196: точечную и дуговую эластичность, связь эластичности с выручкой и перекрёстную эластичность. Для практики возьмите [Акимова](https://t.me/postupashkiecon_file/5), стр. 40–78, из [задачника Рэма](https://t.me/postupashkiecon_file/3) — стр. 116 и 146–148, ответы на стр. 125 и 149–150, более обстоятельный добор есть у [Гальперина](https://t.me/postupashkiecon_file/9): условия на стр. 5–6, решения на стр. 7–14. [Тесты](https://t.me/postupashkiecon_file/4) АА на стр. 15–36 и 248–277 лучше оставить для проверки, а не использовать как основной задачник.  **2. После равновесия переходите к производству, издержкам и совершенной конкуренции.** Надо свободно переходить между общими, средними и предельными величинами, восстанавливать TC, VC, FC, AC, AVC и MC, максимизировать прибыль, строить предложение фирмы и понимать условия входа, выхода и закрытия. База есть в [учебнике Рэма](https://t.me/postupashkiecon_file/3) на стр. 48–91, более подробное изложение — в [EconGuide Сафронова](https://t.me/postupashkiecon_file/7) на стр. 157–235. Решайте в [задачнике Рэма](https://t.me/postupashkiecon_file/3) стр. 28–36 и 96–100, сверяясь со стр. 37–47 и 101–107, затем доберите [задачи Акимова](https://t.me/postupashkiecon_file/5) на стр. 79–99. После этого уже можно переходить к [реальным заданиям](https://iloveeconomics.ru/zadachi) муниципального и регионального этапов: учебные задачи дают технику, но именно старые олимпиады учат распознавать модель в непривычном условии.  **3. Следующая обязательная тема — монополия.** Здесь встречаются максимизация прибыли и выручки, налоги и субсидии, регулирование, несколько заводов или рынков, естественная монополия и ценовая дискриминация. Основную теорию читайте у [Рэма](https://t.me/postupashkiecon_file/2) на стр. 99–118, альтернативное изложение — у [Сафронова](https://t.me/postupashkiecon_file/7) на стр. 242–278. В [задачнике Рэма ](https://t.me/postupashkiecon_file/3)решайте стр. 85–92, разборы находятся на стр. 93–95. Когда обычная монополия перестанет вызывать трудности, целиком прочитайте небольшой учебник [Кулешова](https://t.me/postupashkiecon_file/8): он посвящён ценовой дискриминации второй степени и полезен именно как углубление, а не как первое знакомство с темой. [Тесты АА](https://t.me/postupashkiecon_file/4) на стр. 119–143 снова используйте только как контроль. ** 4. Завершает первую часть государственное вмешательство и общественное благосостояние. **Здесь надо уметь считать излишки потребителя и производителя, налоговые поступления и безвозвратные потери, разбирать налоги, субсидии, квоты, потолки и минимумы цен, внешние эффекты и общественные блага. Теория — [учебник Рэма](https://t.me/postupashkiecon_file/2), стр. 131–176. Практика — [задачник Рэма](https://t.me/postupashkiecon_file/3), условия на стр. 116–136 и ответы на стр. 125–145, для сложного добора подойдёт [Гальперин](https://t.me/postupashkiecon_file/9): условия на стр. 93–114, решения на стр. 115–158. [АА](https://t.me/postupashkiecon_file/4), стр. 173–201, оставьте на финальную проверку.  С каждым разделом схема одна: сначала теория и простые задачи, затем все задания Рэма со звёздами * и **, несколько задач *** и после этого 5–8 старых [олимпиадных задач](https://iloveeconomics.ru/zadachi) по той же теме. Если сразу читать решения, ощущение прогресса появится быстрее самого прогресса: к разбору лучше переходить только после полноценной попытки и отдельно выписывать идею, на которой вы застряли.;8181;5;;31101;https://t.me/postupashki;0;1;119;
2026-08-30 07:32:39+00:00;4713;;Поступашки - Олимпиады, ЕГЭ, ДВИ;1181415520;;-1;"**Как организовать первый семестр**  В посте обсудим, как взять максимум от первого семестра и все закрыть на отлы!   **Сохраняй фокус** Времени катастрофически мало, его не хватит, чтобы разобраться во всем на сто процентов. Твоя цель - это не что-то там заботать, а закрыть экзамены и зачеты. Поэтому первым делом тебе нужно составить небольшой документ, где будут примерные даты зачетов, экзаменов, а также требования по их сдаче, ссылки на программу прошлого года. Тебе нужно все это держать в голове с первого дня учебы.  **Лекции ** Сейчас в интернете найти лекционный материал стало намного проще, тот же самый teach-in, а чат гпт пояснит тебе любой момент. Не нужно тратить время и силы на дорогу, на томное просиживание штанов в душной аудитории, если очный формат - не твой формат. Можно заниматься в комфортной для себя атмосфере. Только не смотри лекции как сериал, конспектируй основные моменты так, будто пишешь билет на экзамен.   **Семинары   ** Вот здесь советую не только ходить, но и активно участвовать в семинарах: выходить к доске и задавать вопросы. Это нужно, чтобы быть в курсе, что вообще происходит на лекциях и куда движется курс занятий, не пропустить важные контрольные. Также на семинарах за активность можно получить дополнительные баллы к экзамену/зачету, а также банально семинарист будет к тебе более лоялен на зачете. Кроме того тебе нужно где-то конектиться и выстраивать социальные связи с товарищами.    **Социальные связи** Просто необходимы, одному учиться будет очень непросто. Товарищей можно попросить прислать тебе конспект лекции, которую сложно найти в интернете, помочь разобрать в какой-то теме, да и банально уточнить какой-то организационный момент. Да и может быть товарищество выльется затем в дружбу или поможет, когда активно начнете строить карьеру. Нередко оффер на работу происходит просто по рекомендации.   **Домашнее задание ** Его нужно обязательно выполнять, хотя бы с чатом гпт. Все эти задачи из ДЗ нужно научиться решать к зачету/экзамену. Поэтому лучше разобраться с какой-то непростой темой здесь и сейчас, чем откладывать на потом, когда пробелы в знаниях породят целую катастрофу. Советую просто найти одногруппника по вайбу и вместе с ним после пар ботать домашку, объясняя друг другу какие-то непростые моменты, валидируя решение и ответ на задачу.   **Профессиональное развитие ** Очень важно хотя бы в первые два семестра держать фокус на учебе, экзаменах, зачетах и разобраться в механике учебы. Но если чувствуешь, что все под контролем, есть время на учебу, спорт, досуг, то можно начать делать небольшие шаги в сторону карьеры. Потому что все таки у ВУЗов цель дать тебе фундамент, а не построить тебе классную карьеру. О том с чего можно начать строить карьеру писал в предыдущем посте [здесь](https://t.me/postupashki/4685). А еще больше материалов по учебе и карьере для студентов в нашем телеграм канале ""[Поступашки - ШАД, Стажировки и Магистратура""  ](http://t.me/postypashki_old)  **Подписаться: ****@postypashki_old**";10697;15;;31101;https://t.me/postupashki;0;0;155;
2026-08-29 10:36:01+00:00;4712;;Поступашки - Олимпиады, ЕГЭ, ДВИ;1181415520;;-1;**В Москве прошла встреча олимпиадного сообщества**  В офисе [Яндекса](https://t.me/Education_Yandex/2588)[ встретились](https://t.me/Education_Yandex/2588) победители международных олимпиад по программированию и ИИ, призёры Всероссийской олимпиады школьников, их наставники и сотрудники компании, которые сами в прошлом побеждали на олимпиадах. Обсуждали важность командной работы, ошибки и путь, который может продолжиться в исследованиях, технологиях и больших продуктах.  Получилась встреча двух олимпиадных поколений: школьники, только что вернувшиеся с медалями, и разработчики, для которых турниры остались в прошлом, но повлияли на их путь. Когда-то они так же ломали голову над алгоритмами, а сегодня создают технологии будущего.  Олимпиадная медаль только открывает дорогу, но не является конечной целью. Победа в турнире доказывает способность решать сложные задачи, однако настоящая работа начинается после, когда эти навыки применяются в создании реальных технологий. ;9292;5;;31101;https://t.me/postupashki;0;0;22;
2026-08-28 16:33:23+00:00;4711;;Поступашки - Олимпиады, ЕГЭ, ДВИ;1181415520;;-1;MediaMessage;12002;;;31101;https://t.me/postupashki;0;0;415;
2026-08-28 16:33:23+00:00;4710;;Поступашки - Олимпиады, ЕГЭ, ДВИ;1181415520;;-1;MediaMessage;13020;;;31101;https://t.me/postupashki;0;0;414;
2026-08-28 16:33:23+00:00;4709;;Поступашки - Олимпиады, ЕГЭ, ДВИ;1181415520;;-1;MediaMessage;12560;;;31101;https://t.me/postupashki;0;0;414;
2026-08-28 16:33:23+00:00;4708;;Поступашки - Олимпиады, ЕГЭ, ДВИ;1181415520;;-1;MediaMessage;11693;;;31101;https://t.me/postupashki;0;0;418;
2026-08-28 16:33:23+00:00;4707;;Поступашки - Олимпиады, ЕГЭ, ДВИ;1181415520;;-1;MediaMessage;11888;;;31101;https://t.me/postupashki;0;0;415;
2026-08-28 16:33:23+00:00;4706;;Поступашки - Олимпиады, ЕГЭ, ДВИ;1181415520;;-1;MediaMessage;11349;;;31101;https://t.me/postupashki;0;0;415;
2026-08-28 16:33:23+00:00;4705;;Поступашки - Олимпиады, ЕГЭ, ДВИ;1181415520;;-1;❗️ **А вот и демоверсия ЕГЭ 2027 подъехала, камрады! ** Теперь у нас:   ➡️ 20 задач ➡️ Доп задача на матстат ➡️ Эконом в первой части ➡️ Производная во второй  Касательно того, чего ждать на ЕГЭ следующего года я отвечу вам однозначно:** в 2027 будет понижение среднего балла по математике**. Сейчас он повысился уже до предела, прямо до такого уровня, что приемная компания начинает ломаться. Вообще повышение — это естественно, ведь чиновники от минобра должны как-то показывать, что с каждым годом делают работу все лучше и лучше.    Обновление формата — это повод отказаться от сравнений с прошлым годом: экзамен ведь стал другой, поэтому падение балла не синонимично снижению эффективности работы. Вообще так всегда было: за резким изменением формата следовало резкое падение среднего балла, поэтому готовимся, камрады!;10310;22;;31101;https://t.me/postupashki;0;0;413;
2026-08-27 19:01:38+00:00;4704;;Поступашки - Олимпиады, ЕГЭ, ДВИ;1181415520;;-1;❗️ **Глава Минобрнауки **[**анонсировал**](https://www.fontanka.ru/2026/08/11/76582876/)** пересмотр системы школьных олимпиад**  Предстоит серьезно пересмотреть систему олимпиад школьников, повысив требования к их проведению, обеспечив тщательный контроль, сопоставимый с тем, как сегодня организуется ЕГЭ. Олимпиады нужны, чтобы выявлять школьников с нестандартным мышлением, но, пришло время более обстоятельно, с точки зрения качественной экспертизы посмотреть и принять взвешенное решение  **Глава ведомства отметил, что правила приёма в вузы на 2027 год утверждаются до 1 декабря нынешнего года. По его словам, некие решения уже подготовлены, обсуждаются в профессиональном сообществе и «будут приняты этой осенью».**  Ну что, камрады, чего ждем? Делайте ваши ставки! Лично моё мнение такое: речь идет про более серьезный контроль на отборочных турах (прокторинг, фильтр ллм решений, это все, как мы видим, активно вводилось в последние годы) + рамки/глушилки на заклах. Уменьшение перечня олимпиад и количества дипломов я бы не ждал: практика показывает, что все подобные решения всегда вводились за год до появления каких-то документов (систему тестировали, так сказать), а вот у нас буквально в прошлом году выкинули мусорные олимпиады из перечня, да и количество дипломов по точным наукам остается откровенно небольшим и на общий уровень приема не влияет (ну кроме топ вузов, разумеется, но это отдельная история и статистически она не очень значима).;10940;38;;31101;https://t.me/postupashki;0;0;149;
2026-08-26 15:02:34+00:00;4703;;Поступашки - Олимпиады, ЕГЭ, ДВИ;1181415520;;-1;**В последнее время крупные компании все чаще встраиваются в процесс подготовки кадров прямо во время учебы, что делает колледжи весьма перспективным образовательным треком.**  «Газпром нефть», создавшая сеть партнерских колледжей по всей стране, один из примеров такого сотрудничества. Компания помогает развивать образовательные центры в Башкортостане, ЯНАО, ХМАО, Тюменской и Омской областях. А теперь к ним добавится Оренбург, где на базе Нефтегазоразведочного техникума в 2027 году запустят ещё один кластер в рамках федерального проекта «Профессионалитет».   Всего в «Лигу колледжей» «Газпром нефти» входят 25 учебных заведений в 11 регионах. В чём суть: эксперты компании участвуют в пересмотре учебных программ, чтобы студенты получали не просто теорию, а навыки, которые сразу можно применить на производстве. Плюсом идет возможность стажировок и трудоустройства в дочерние предприятия компании.   Образовательные программы включают наиболее востребованные специальности. Например, в Оренбурге студентов планируют обучать на лаборантов химического анализа и операторов по добыче нефти и газа.   Система выстроена так, чтобы студент к выпуску уже был готов к конкретной работе. В колледже они осваивают востребованные профессии и сразу начинают карьеру на производстве.  **Подписаться: ****@postupashki**;8921;0;;31101;https://t.me/postupashki;0;0;3;
2026-08-26 09:49:32+00:00;4702;;Поступашки - Олимпиады, ЕГЭ, ДВИ;1181415520;;-1;"**Софт скилсс и связи **  Учеба - это лучшее время, чтобы обзавестись друзьями и социальным связями. Самые лучшие предложения редко доходят до открытого рынка. Их предлагают друзьям и друзьями друзей. В посте обсудим, как же заводить таких друзей, чтобы они толкали вверх, а не на дно. На самом деле в этом нет ничего сложного.  **Классика**  В школе легко коммуницировать, потому что у вас давно сформировалось окружение, где у всех очень близкий социальный опыт. Во взрослой жизни - это не так, у всех совершенно разные мировоззрения и опыт. Чтобы не теряться, советую прочитать классику «Как заводить друзей и оказывать влияние на людей». Обсудим ключевые моменты ниже.   **Slavic face** Угрюмое лицо никто не любит и с таким лицом, будто вам мясо не положили, с вами никто не захочет коммуницировать. Важно чаще улыбаться и быть доброжелательным, уверенным в себе - так вы посылаете сигналы другим людям, что готовы к коммуникации.  ** Вежливость ** Базовые манеры «спасибо», «пожалуйста». Не игнорируйте людей в переписке: отвечайте в течение суток или пишите в духе «сейчас очень загружен, вернусь тогда-то». Если пропали надолго, не забудьте попросить прощение и объяснить ситуацию. А также не хамите, не грубите, не опаздывайте и относитесь ответственно к своим обещаниям, которые дали другим людям.   Если будете следовать этим простым правилам: будете добродетельным и вежливым, расположенным к общению, то люди сами к вам потянутся. Теперь же к тому, где искать правильное окружение.   **Карьерные ивенты ** Где можно встретить целеустремленных проактивных ребят, которым небезразлично их будущее? Бары/клубы - неплохое место, чтобы пообщаться с человеком неформально, но для первых знакомств с амбициозными ребятами - это не лучшее место. Таких ребят лучше искать на хакатонах, кейс чемпионатах, конференциях и подобных активностях. О таких местах и как там конектиться подробней рассказывал[ здесь](https://t.me/postypashki_old/1830).   **Каких ребят лучше избегать ** По плодам их - узнайте их. На самом деле все просто! Если у человека Slavic face, он не соблюдает базовые законы вежливости, о которых писал выше, никак не развивается профессионально: пет проекты, соревнования, не ищет стажировки, - то сразу выбрасываем за борт из своего круга общения!   Такие люди тянут на дно. Поймите времени на самом деле очень мало, ваш прайм сильно ограничен и не тратьте его на пустую фигню, которая никак не окупится и ни принесет в жизнь никакого импакта! Еще больше советов по взрослой жизни, начале карьеры в нашем канале [""Поступашки - ШАД, Стажировки и Магистратура""](http://t.me/postypashki_old).  **Подписаться: ****@postypashki_old**";8923;0;;31101;https://t.me/postupashki;0;0;154;
2026-08-24 16:04:54+00:00;4701;;Поступашки - Олимпиады, ЕГЭ, ДВИ;1181415520;;-1;**Чем дополнить школьную программу тем, кто планирует заработать право поступления в вуз БВИ**  Товарищи, информация для тех, кто на этапе средней и старшей школы понял, что хочет попробовать свои силы в олимпиадах, чтобы упростить поступление в вуз. Т-Образование [запустило](https://www.kp.ru/daily/2777809/5293806/) кружки «Т-Поколение» для учеников 7-11 классов для подготовки к престижным российским и международным олимпиадам по техническим дисциплинам.   **Что это за кружки **  Это программа, которая состоит из образовательных курсов и сборов для подготовки к олимпиадам по пяти направлениям: математике, программированию, информационной безопасности, физике и искусственному интеллекту. Последнюю дисциплину добавили в этом году — ее запустили вместе со Школой программистов МШП, которая недавно стала частью экосистемы Т-Образования.  **Как устроена программа **  Занятия ведут настоящие профи своего дела: победители и призеры ВсОШ, ICPC, IOI, тренеры сборных и сотрудники Т-Банка. Теория сразу дается вместе с практикой: ребята разбирают реальные задачи с профильных олимпиад. Формат гибридный: можно заниматься онлайн из любого города или очно в Москве.  **Результаты на сегодняшний день**  За все время существования проекта в кружках прошли обучение более 12 000 человек, 786 из которых стали победителями и призерами Всероссийской олимпиады школьников по математике и информатике.  **Как попасть в программу**  Нужно зарегистрироваться на [сайте](https://education.tbank.ru/school/generation/) и пройти вступительный экзамен. Отбор открыт до 1 сентября.   В случае недобора баллов в «Т-Поколение», школьники могут начать подготовку на базе МШП, подтянуть знания и попробовать поступить на кружки вновь в следующем году.   Для наиболее сильных воспитанников МШП теперь предусмотрена программа автоматического зачисления на продвинутые олимпиадные интенсивы от Т-Образования.  **Подписаться: ****@postupashki**;9040;8;;31101;https://t.me/postupashki;0;0;81;
2026-08-22 09:07:01+00:00;4699;;Поступашки - Олимпиады, ЕГЭ, ДВИ;1181415520;;-1;"**Как жить в общаге  **Общежитие  - это школа жизни. Здесь вы научитесь ценить тишину, чистоту и адекватных людей. В посте обсудим, как пройти ее с умом и не сойти с ума. **  Корпуса **Есть корпуса разного типа на разное количество человек: санузел на весь этаж, санузел на две комнаты, санузел на одну комнату. Очевидно последний вариант намного приятней. Если подсуетиться, то можно выбить лучший вариант у того, кто отвечает за распределение.   **Соседи  **Можно подсуетится и с выбором адекватных соседей: поспрашивать в чатах абитуриентов, кураторов. Будьте здесь внимательны и пообщайтесь с человеком о том, как он видит ваш совместный быт, но ненавязчиво, можно предложить созвониться и просто пообщаться про учебу и тд. Здесь нам важно выяснить есть ли у него проблемы с гигиеной, есть ли у него проблемы с головой: шизофрения, прл и так далее, да и в целом как он привык решать какие-то конфликтные моменты. ** Конфликты **Они точно возникнут. Например, ваш сосед очень общительный и хочет постоянно водить гостей в вашу комнату, а вы человек, который привык к тишине и вас такой поток гостей просто сводит с ума. Здесь не нужно замалчивать этот момент, но и начать что-то требовать тоже не выход. Лучший подход - это сделать соседу комплимент (банально купить кофе или накормить в столовой) и просто сказать, что вас беспокоит и попросить что-то придумать, предложить со своей стороны решения, компромиссы на уровне: ты мне-я тебе. Если будете просто что-то требовать, то вас пошлют. По таким моментам советую классику ""Как заводить друзей и оказывать влияние на людей"".   **Сон** В идеале, когда вы с соседями ложитесь в одно время, у вас нет стресса в жизни и соответственно вы высыпаетесь по полной. Если с соседями ложитесь в разное время, то можно сначала попробовать решить этот конфликт по схеме выше, либо попробовать поменять соседей. Хорошим приобретением будут беруши (берите разноцветные в круглом кейсе), маска для сна.   Стреесс - главный враг сна. Стресс же помогают снизить: регулярные занятия спортом (можно даже 2 раза в день), регулярный секс, хорошее питание, прогулки/отдых - короче, здоровый образ жизни! Не советую принимать мелатонин и подобные штуки. Если вы на стрессе и не можете уснуть, то они его никак не сбросят. Лучше всего просто отвлечься и до утра позаниматься лайтовыми делами: почитать лекции.  ** Еда** В столовой скорее всего будет не очень вкусно и просто дорого, а на сосисках и гречки долго протянуть не получится. Поэтому нужно научиться крафтить базовые блюда: варить макароны, крупы и тушить мясо/рыбу, а также зелень/овощи по вкусу. Для вдохновения можно посмотреть [кулинарные уроки Максима Тесака](https://www.youtube.com/watch?v=dx992e39u00&list=PL4m2v_NJdz3Ncm_UklUk-LGJSss7PvDkS).  Если кухня у вас на целый этаж, то кухонную зону можно организовать в комнате: скинуться с соседями на холодильник, микроволновку, плитку и так далее. Все это можно взять и БУ в комиссионном магазине или на Авито за копейки.   Также нужно приучить себя сразу мыть посуду, убирать за собой крошки, кухонную зону, иначе в вашей общажной жизни очень быстро появятся такие кенты как тараканы/муравьи.   **Уборка** Нужно научиться стирать и гладить вещи, разобраться какие есть режимы/функции у стиральной машикнки и средства для стирки (гель, порошок, капсулы). Это нужно, чтобы банально не испортить вещи. Также полезный навык постирать что-то быстро на руках: нижнее белье, футболки.  Еще конечно же регулярно делать влажную уборку, чтобы в вашей жизни не появлялась тарканов/муравьев.  Желаю успехов в первых шагах к самостоятельной жизни. Еще больше советов по взрослой жизни, начале карьеры в нашем канале [""Поступашки - ШАД, Стажировки и Магистратура""](http://t.me/postypashki_old).  **Подписаться: ****@postypashki_old**";10901;26;;31101;https://t.me/postupashki;0;0;202;
2026-08-21 14:20:55+00:00;4698;;Поступашки - Олимпиады, ЕГЭ, ДВИ;1181415520;;-1;Яндекс открыл регистрацию в бесплатные олимпиадные Кружки по программированию и искусственному интеллекту  В Кружке по программированию (6–11 классы) разберут всё: от базовых алгоритмов до продвинутых структур данных, а в Кружке по ИИ (8–11 классы) изучат математику для ИИ и ML. У каждого направления несколько уровней сложности: от начального до продвинутого.  Занятия ведут победители олимпиад, тренеры сборных и члены жюри, а формат включает еженедельные лекции, семинары в небольших группах, регулярные контесты и пробные олимпиады.  Регистрация уже [открыта](https://yandex.ru/yaintern/olympiads/kruzhok?utm_source=telegram&utm_medium=social&utm_campaign=kruzhok26&utm_term=postupashki&utm_erid=2SDnjdhZpVR): обучение бесплатное, отбор — по заявке и вступительным испытаниям.;9431;0;;31101;https://t.me/postupashki;0;0;224;
2026-08-19 07:10:19+00:00;4697;;Поступашки - Олимпиады, ЕГЭ, ДВИ;1181415520;;-1;"**Как заботать алгоритмы и программирование, чтобы сдать сессию и понять предмет**  Если вы на первом курсе (или готовитесь к поступлению), то главная цель не ""решить 500 задач на LeetCode"", не ""выучить ОПП на С++"", а прочувствовать фундамент: асимптотику, структуры данных, базовые алгоритмы. На этот скелет уже будет проще что-то наращивать. Разберем в посте.   **Язык программирования** Не советую долго сидеть на этом моменте, достаточно познакомиться с синтаксисом, написать пару задачек, а дальше уже будете углубляться в особенности языка по мере бота алгоритмов.  Классические академические курсы по алгоритмам или программированию ведутся на С++. Для старта более чем хватит курса на [степике](https://stepik.org/course/7/syllabus?search=9746615159) или любого другого ресурса.  Также нужно на уровне синтаксиса заботать питон. Он нужен и разработчикам, и дата специалистам. Подойдет любой курс на том же самом степике, например [этот](https://stepik.org/course/58852/promo?search=9746640546).  **Шаг 1. Асимптотическая сложность (O-нотация)** Для первого знакомства подойдут [лекции Андрея Станкевича в ЛКШ](https://www.youtube.com/watch?v=IsaS0NmgXlg&list=PLDrmKwRSNx7KcHxyf9hSmF3fTLKSwujkM) или глава 3 из [книги «Олимпиадное программирование» Антти Лааксонена](https://library.samdu.uz/files/e946919660708044a522983e0741690c_%25D0%259B%25D0%25B0%25D0%25B0%25D0%25BA%25D1%2581%25D0%25BE%25D0%25BD%25D0%25B5%25D0%25BD_%25D0%2590_%25D0%259E%25D0%25BB%25D0%25B8%25D0%25BC%25D0%25BF%25D0%25B8%25D0%25B0%25D0%25B4%25D0%25BD%25D0%25BE%25D0%25B5_%25D0%25BF%25D1%2580%25D0%25BE%25D0%25B3%25D1%2580%25D0%25B0%25D0%25BC%25D0%25BC%25D0%25B8%25D1%2580%25D0%25BE%25D0%25B2%25D0%25B0%25D0%25BD%25D0%25B8%25D0%25B5.pdf). Опять же долго не сидим на этой теме. Глубина станет понятна только практики при решении и разборе задачек.  **Шаг 2. Простые структуры данных и алгоритмы** Массивы, списки, стек, очередь. Префиксные суммы, два указателя, бинарный поиск. Изучите [теорию по префиксным суммам](https://www.youtube.com/watch?v=5iW84xlL0j0&t=535s), затем порешайте [контест от Peltorator](https://codeforces.com/group/1rv4rhCsHp/contest/319055) (задачи A, B, D). Для двух указателей пройдите [курс на Codeforces Edu](https://codeforces.com/edu/course/2/lesson/9), достаточно решить хотя бы 6 задач. Потренируйтесь на LeetCode по тегам: [Prefix Sum](https://leetcode.com/tag/prefix-sum/), [Two Pointers](https://leetcode.com/tag/two-pointers/), [Binary Search](https://leetcode.com/tag/binary-search/). Теорию по бинарному поиску можно найти в [этом же разделе Edu](https://codeforces.com/edu/course/2/lesson/6).  **Шаг 3. Теория чисел и базовые алгоритмы** НОД за логарифм, проверка на простоту, решето Эратосфена. Начните с задач на [acmp.ru в разделе ""НОД и НОК](https://acmp.ru/asp/do/index.asp?main=section&id_course=2&id_section=11)"" [и ""Простые числа](https://acmp.ru/asp/do/index.asp?main=section&id_course=2&id_section=12)"". Затем переходите к более сложным задачам на [LeetCode по тегу Number Theory](https://leetcode.com/tag/number-theory/).  **Шаг 4. Графы (обязательно!)** Представление графов, обходы (BFS, DFS), кратчайшие пути. Посмотрите [вводный материал на Codeforces Edu](https://codeforces.com/edu/course/2/lesson/8/1), а затем углубитесь в [e-maxx](https://e-maxx.ru/algo/) и главу 7 из [книги Лааксонена](https://library.samdu.uz/files/e946919660708044a522983e0741690c_%25D0%259B%25D0%25B0%25D0%25B0%25D0%25BA%25D1%2581%25D0%25BE%25D0%25BD%25D0%25B5%25D0%25BD_%25D0%2590_%25D0%259E%25D0%25BB%25D0%25B8%25D0%25BC%25D0%25BF%25D0%25B8%25D0%25B0%25D0%25B4%25D0%25BD%25D0%25BE%25D0%25B5_%25D0%25BF%25D1%2580%25D0%25BE%25D0%25B3%25D1%2580%25D0%25B0%25D0%25BC%25D0%25BC%25D0%25B8%25D1%2580%25D0%25BE%25D0%25B2%25D0%25B0%25D0%25BD%25D0%25B8%25D0%25B5.pdf). Для практики возьмите [тренировки от СПбГУ](https://codeforces.com/gym/100166) и задачи на [LeetCode по тегу Graph](https://leetcode.com/tag/graph/).  **Шаг 5. Жадные алгоритмы и динамическое программирование (ДП)** Теорию по ДП можно посмотреть в [лекциях Андрея Станкевича (ЛКШ](https://www.youtube.com/watch?v=iKj-xI4enLw&list=PLDrmKwRSNx7KcHxyf9hSmF3fTLKSwujkM&index=3)) и главе 6 из [книги Лааксонена](https://library.samdu.uz/files/e946919660708044a522983e0741690c_%25D0%259B%25D0%25B0%25D0%25B0%25D0%25BA%25D1%2581%25D0%25BE%25D0%25BD%25D0%25B5%25D0%25BD_%25D0%2590_%25D0%259E%25D0%25BB%25D0%25B8%25D0%25BC%25D0%25BF%25D0%25B8%25D0%25B0%25D0%25B4%25D0%25BD%25D0%25BE%25D0%25B5_%25D0%25BF%25D1%2580%25D0%25BE%25D0%25B3%25D1%2580%25D0%25B0%25D0%25BC%25D0%25BC%25D0%25B8%25D1%2580%25D0%25BE%25D0%25B2%25D0%25B0%25D0%25BD%25D0%25B8%25D0%25B5.pdf). Практикуйтесь на [задачах на жадность](https://leetcode.com/tag/greedy/) и [ДП](https://leetcode.com/tag/dynamic-programming/) на LeetCode, а также на [аcmp (раздел ДП](https://acmp.ru/asp/do/index.asp?main=section&id_course=2&id_section=15)).  **Шаг 6. Структуры данных (кучи, деревья, СНМ, дерево отрезков)** Бинарные деревья, кучи, система непересекающихся множеств (СНМ), дерево отрезков. Изучите [дерево отрезков на Codeforces Edu (часть 1](https://codeforces.com/edu/course/2/lesson/4)) и [вторую часть](https://codeforces.com/edu/course/2/lesson/5) (опционально). Также пройдите [курс по СНМ](https://codeforces.com/edu/course/2/lesson/7). Задачи на LeetCode: [Binary Tree](https://leetcode.com/tag/binary-tree/), [Segment Tree](https://leetcode.com/tag/segment-tree/) (можно решать деревом Фенвика).  **Как тренироваться эффективно** 1. Не пытайтесь решить 500 задач за неделю. Лучше 5 задач, но с полным разбором, написанием нескольких решений (через разные подходы), анализом сложности. 2. Ведите конспект. Записывайте ключевые идеи, формулировки теорем, шаблоны кода для типовых задач. Объясняйте вслух - это помогает выявить пробелы (метод Фейнмана). 3. Участвуйте в контестах (Codeforces, AtCoder), даже если решаете мало, вы привыкаете к формату и стрессу, который будет на экзаменах. 4. Для тех, кто готовится к ВУЗу, советую обращать внимание на теорию и математические подоплеки: почему алгоритм работает корректно, почему он самый быстрый и так далее.   Еще больше материалов и советов в нашем взрослом канале **""**[**Поступашки - ШАД, Стажировки и Магистратура"" **](http://t.me/postypashki_old)  **Подписаться:** @postypashki_old";10759;6;;31101;https://t.me/postupashki;0;0;434;
2026-08-18 15:19:27+00:00;4696;;Поступашки - Олимпиады, ЕГЭ, ДВИ;1181415520;;-1;Знаете, что одной из причин успеха немецкой промышленности была знаменитая дуальная система образования. Молодой человек одновременно учится и работает на предприятии: теория в аудитории, реальные технологии и производство на рабочем месте. В Норильске запускают нечто похожее. Заполярный университет и «Норникель» создают «Лигу арктических инженеров». Студенты технических специальностей уже со второго курса смогут официально работать на предприятиях компании, совмещая производство с учебой. Причем речь не о привычной студенческой практике на несколько недель. Участникам обещают зарплату от 50 тысяч рублей в месяц сверх стипендии, повышение рабочего разряда и возможность попробовать себя на разных производственных площадках, от горного дела и металлургии до энергетики, автоматизации и промышленного строительства. Логика здесь примерно та же, что и у немецкой дуальной модели: университет и предприятие перестают последовательно передавать друг другу человека. Типа сначала «мы его учим», потом «вы его нанимаете». Они начинают готовить специалиста одновременно. В результате к получению диплома у выпускника может быть уже несколько лет реального промышленного опыта. На фоне дефицита инженеров это, пожалуй, один из самых интересных кадровых решений: крупная промышленность уже сейчас конкурирует не за выпускников вузов, а за студентов задолго до выпуска. И Норильск в этом смысле становится довольно логичной площадкой для проверки этой образовательной идеи в условиях Арктики. Особенность локации и уникальность производственной модели диктует выбор.  https://t.me/nornickel_official/3588;9984;11;;31101;https://t.me/postupashki;0;0;29;
2026-08-15 16:15:32+00:00;4695;;Поступашки - Олимпиады, ЕГЭ, ДВИ;1181415520;;-1;📊 **Какие олимпиады по экономике писать? Часть 1**  Камрады, начинаем разбирать олимпиады сезона 2026/2027. В первой части — четыре самых ценных диплома для поступления на топовые экономические программы: «Высшая проба», «Сибириада», МОШ и Вернадского.  Важно: одна олимпиада может давать БВИ на одной программе ВШЭ и только 100 баллов на другой. В Финуниверситете и РАНХиГС льготы обычно распространяются на более широкий набор экономических и финансовых направлений.  **1. «Высшая проба»**  [Главная олимпиада](https://olymp.hse.ru/mmo/eco) по экономике. На финале будут и расчётные задачи по микро- и макроэкономике, и большие кейсы, где нужно нормально объяснять свои выводы.  По правилам приёма 2026 года победители и призёры получали БВИ на [«Экономику»](https://www.hse.ru/ba/economics/), [«Мировую экономику»](https://www.hse.ru/ba/we/) и [МЭФ ВШЭ](https://www.hse.ru/ba/icef/). На [ВШЭ–РЭШ](https://www.hse.ru/ba/nes/) и [«Экономике и анализе данных»](https://www.hse.ru/ba/eda/) — только 100 баллов.  В [МГУ](https://www.econ.msu.ru/) победитель получал БВИ на «Экономику», призёр — 100 за ДВИ. [Финуниверситет](https://www.fa.ru/) и [РАНХиГС](https://www.ranepa.ru/) принимали диплом на большое количество экономических и финансовых программ.  Короче, **пишем в любом случае**.  **2. «Сибириада»**  [Олимпиада](https://www.sibiriada.org/olymp.html) состоит из длинных сюжетных задач, где сначала нужно понять, какая экономическая модель вообще спрятана в условии. Поэтому особенно хорошо заходит сильным математикам.  На [«Экономике»](https://www.hse.ru/ba/economics/) ВШЭ БВИ получал победитель, призёр — 100 баллов. На [«Мировой экономике»](https://www.hse.ru/ba/we/) и [МЭФ](https://www.hse.ru/ba/icef/) БВИ давали и победителям, и призёрам. В [МГУ](https://www.econ.msu.ru/) диплом закрывал ДВИ на 100.  В [Финуниверситете](https://www.fa.ru/) и [РАНХиГС](https://www.ranepa.ru/) льготы ещё шире: диплом подходит для многих программ по экономике, банкам и финансам.  **3. МОШ по экономике**  [МОШ](https://mosecon.olimpiada.ru/) — это сложные модели плюс задачи по госполитике, финансам и регулированию. Могут дать таблицу или описание реформы, а потом попросить посчитать последствия и объяснить их.  На [«Экономике»](https://www.hse.ru/ba/economics/) ВШЭ победитель получал БВИ, призёр — 100 баллов. На [«Мировой экономике»](https://www.hse.ru/ba/we/) БВИ давали обоим. В [МГУ](https://www.econ.msu.ru/) победители и призёры получали 100 за ДВИ.  И да: несмотря на третий уровень в перечне 2026/2027, простой олимпиада не стала. **МОШ всё равно пишем.**  **4. Олимпиада имени Вернадского**  В [олимпиаде Вернадского](https://vernadsky.online/) меньше тяжёлой математики, зато больше теории, экономической истории и развёрнутых ответов. Хороший вариант для тех, кому проще написать сильное объяснение, чем четыре часа оптимизировать функции.  Во ВШЭ диплом особенно полезен для [МЭФ](https://www.hse.ru/ba/icef/). На большинстве других экономических программ он давал 100 баллов, но не БВИ. Зато [Финуниверситет](https://www.fa.ru/) и [РАНХиГС](https://www.ranepa.ru/) принимали его намного шире.  Поэтому Вернадского — не замена «Высшей пробе», а хороший дополнительный шанс закрыть поступление.  Итог простой: **«Высшую пробу», «Сибириаду» и МОШ пишем обязательно. Вернадского добавляем как ещё одну сильную попытку.**  Во второй части разберём «Миссию выполнима», Плехановскую, СПбГУ и олимпиаду РАНХиГС — там дипломы менее универсальные, зато могут отлично работать внутри конкретных вузов.;11115;29;;31101;https://t.me/postupashki;0;1;99;
2026-08-15 13:59:14+00:00;4694;;Поступашки - Олимпиады, ЕГЭ, ДВИ;1181415520;;-1;Помните, где-то с месяц назад я писала (https://t.me/postupashki/4609) про школьников, которые едут на IOI-2026 в Ташкент? Теперь у этой истории есть продолжение — уже с [результатами](https://ved.vedomosti.ru/news/single/6a803624c9a3330363216b9c).  У российской сборной — 2 золота и 2 серебра. И конкуренция была немаленькая: около 400 школьников почти из 100 стран.  Золото взяли Максим Кравченко и Владислав Жиганов, серебро — Сергей Муханов и Владимир Звездин. Все четверо — победители ВсОШ по информатике. Для Владислава это уже второе золото IOI подряд.  Сборную готовили тренеры из ИТМО, МФТИ, МГУ, ВШЭ и Яндекса. Среди них — золотые медалисты IOI прошлых лет и финалисты международных соревнований по программированию. А трое ребят ещё несколько лет занимались в Кружке Яндекса по олимпиадному программированию.  Вариантов, куда идти дальше, у ребят хватает: они уже поступили на сильные программы в вузах, а теперь для них без вступительных испытаний открыта ещё и Школа анализа данных Яндекса;9506;15;;31101;https://t.me/postupashki;0;0;9;
2026-08-15 07:00:50+00:00;4693;;Поступашки - Олимпиады, ЕГЭ, ДВИ;1181415520;;-1;"**How to заботать линейную алгебру и аналитическую геометрию**  Линейная алгебра и аналитическая геометрия - это язык науки и база для программирования, DS, многомерного анализа, диффуров и статистики. Без них не поступить в ШАД, магистратуру, не сдать ГОСы и не написать олимпиады. Скоро, кстати, мы начнем изучать этот раздел на [**нашем курсе подготовки к ВУЗу**](https://postypashki.ru/%D0%BA%D1%83%D1%80%D1%81%D1%8B/%D0%BF%D0%BE%D0%B4%D0%B3%D0%BE%D1%82%D0%BE%D0%B2%D0%BA%D0%B0-%D0%BA-%D0%B2%D1%83%D0%B7%D1%83/)  **Общая логика** Эти темы проходят в первом семестре, часто как единый курс. Главная проблема классического преподавания - отсутствие связного нарратива: определения и конструкции наваливаются кучей, и студент не понимает, зачем они нужны и как связаны. Наш подход: **от частного к общему**. Сначала разбираемся с аналитической геометрией в R² и R³ (там всё наглядно), затем обобщаем на Rⁿ и переходим к линейной алгебре как языку. Главное тут **решать задачи**, а лекции использовать как справочник и для терминологии.  **Шаг 0. **Аналитическая геометрия и базовые алгебраические понятия. Если вы никогда не изучали линал, начните с геометрического смысла в малых размерностях. Это снимет страх перед абстракциями.  **Лекции и семинары**: **1. **[**Лекции Пенского по аналитической геометрии**](https://teach-in.ru/course/analytic-geometr-penskoy) (мехмат МГУ)  Классика, материал хорошо структурирован. Проективную геометрию и квадрики можно смело отложить до второго семестра. **2. **[**Семинары Пенского**](https://teach-in.ru/course/analytic-geometr-seminars-penskoy) (мехмат МГУ) Идут по задачнику Смирнова, много разобранных примеров. **Алгебраическая часть** **3. **[**Лекции Аржанцева**](https://teach-in.ru/course/algebra-arzhantsev) (мехмат МГУ)  Базовые алгебраические структуры (группы, кольца, поля) без лишней абстракции. **4. **[**Семинары Канунникова**](https://teach-in.ru/course/algebra1-seminars-kanunnikov) (мехмат МГУ) Преподаватель с опытом работы со школьниками, объясняет очень доходчиво. Листочки с задачами составлены отлично.  **Наглядные материалы**: **1. **[**3Blue1Brown: Linear Algebra**](https://www.youtube.com/watch?v=RNTRYicPvWQ&list=PLVjLpKXnAGLXPaS7FRBjd5yZeXwJxZil2)  Суть понятий на пальцах, отличные иллюстрации. Не заменяет курс, но помогает интуиции. **2. **[**Лекции Саватеева**](https://www.youtube.com/watch?v=WgeW0oZTmxU&list=PLlx2izuC9gji7vdEkiEwIs7IHKY_64Ed2) (Физтех)  яркие сюжеты, где линал и геометрия встречаются в приложениях. Смотреть как дополнительный материал.  **Задачники**: **1.**[** Смирнов В. И.**](https://t.me/postypashki_old/717?comment=9488)  Основной задачник для аналитической геометрии. **2.**[** Кострикин А. И.**](https://t.me/postypashki_old/717?comment=9493)  Сборник задач по алгебре, много теоретических упражнений.  **Шаг 1.** Линейная алгебра: теория и практика. Когда базовые геометрические представления сформированы, можно переходить к абстрактным векторным пространствам.  **Теория**: Оба курса используют индукцию для экономии времени, поэтому некоторые доказательства могут казаться формальными.  **1. **[**Лекции Мануйлова**](https://teach-in.ru/course/linear-algebra-manuilov) (мехмат МГУ)  Геометрический взгляд на линал, без излишней алгебраической абстракции. Хорошая структура. **2. **[**Лекции Тимашева**](https://teach-in.ru/course/linear-algebra-timashev) (мехмат МГУ)  Более свободный стиль, много интересных примеров.  **Практика**: **1. **[**Семинары Смирнова по линалу**](https://teach-in.ru/course/linear-algebra-seminars-smirnov)  Вычислительные задачи, по задачнику Смирнова. **2. **[**Семинары Тимашева по линалу**](https://teach-in.ru/course/linear-algebra-seminars-timashev)  Больше теоретических задач, по задачнику Кострикина. **3. **[**Семинары Ершова**](https://www.youtube.com/watch?v=YzJLWoamN6I&list=PLocvKxfon41WvxM-9PY651frasIaM8cqU) (Физтех)  По задачнику Беклемишева. **4. **[**Гайфулин и др. «Задачи по линейной алгебре и геометрии»**](https://t.me/postypashki_old/728?comment=10361)  Разобраны все алгоритмические задачи.  **Дополнительная наглядность**: [**3Blue1Brown**](https://www.youtube.com/watch?v=RNTRYicPvWQ&list=PLVjLpKXnAGLXPaS7FRBjd5yZeXwJxZil2) и [**Саватеев** ](https://www.youtube.com/watch?v=WgeW0oZTmxU&list=PLlx2izuC9gji7vdEkiEwIs7IHKY_64Ed2) Их стоит пересматривать по мере углубления.  **Шаг 2.** Углубление и нестандартные задачи. После уверенного решения стандартных задач можно переходить к олимпиадным и экзаменационным. **1. **[**Шаг 5 из «How to заботать ШАД»**](https://t.me/postypashki_old/585)  подборка задач уровня ШАД. **2. **[**Варианты магистратур**](https://t.me/postypashki_old/668) и [**олимпиад**](https://t.me/postypashki_old/680)  Реальные задачи прошлых лет. **3. **[**Гильберт Стрэнг, «Linear Algebra and Its Applications»**](https://disk.360.yandex.ru/d/eQoqRtSgpxqtug/%D0%9C%D0%B0%D1%82%D0%B5%D0%BC%D0%B0%D1%82%D0%B8%D0%BA%D0%B0/%D0%90%D0%BB%D0%B3%D0%B5%D0%B1%D1%80%D0%B0%20%D0%B8%20%D0%B3%D0%B5%D0%BE%D0%BC%D0%B5%D1%82%D1%80%D0%B8%D1%8F/%D0%9B%D0%B8%D0%BD%D0%B5%D0%B9%D0%BD%D0%B0%D1%8F%20%D0%B0%D0%BB%D0%B3%D0%B5%D0%B1%D1%80%D0%B0)  Много задач, примеров и приложений (есть в подборке на диске). **4. **[**Яндекс.Диск с книгами по линалу**](https://disk.yandex.ru/d/eQoqRtSgpxqtug/...)  Поможет разобраться с ЖНФ и другими сложными темами. Изучите тему по 2–3 источникам и решите задачи - понимание придёт.  **Куда дальше**: **1. Дифференциальные уравнения**  Прямое продолжение линала, нужно для многих областей. **2. Теория групп**  Для общего развития, но для ШАД/магистратур обычно не критична. **3. Функциональный анализ**  Если интересно, как линал работает в бесконечномерных пространствах (для ШАД overkill).  Сохраняйте подборку, чтобы не потерять, и делитесь в комментариях любимыми материалами - дополним пост! А еще больше материалов в нашем канале[ ""**Поступашки - ШАД, Стажировки и Магистратура""**](http://t.me/postypashki_old).** ** **Подписаться: ****@postypashki_old**";10584;7;;31101;https://t.me/postupashki;0;0;426;
2026-08-14 13:33:05+00:00;4692;;Поступашки - Олимпиады, ЕГЭ, ДВИ;1181415520;;-1;Учёба — это не обязательно пары с 9 утра и дорога до университета 🎓  Если рассматриваешь онлайн-обучение, у Сбера и Нетологии есть специальное предложение: [оформляешь образовательный кредит с господдержкой в Сбере](https://v.sber.ru/sms/ed1?utm_source=tg_postupashki&utm_medium=fix&utm_campaign=frk1_obrazovanie-credit_may-september-2026_rk2013103gr55846&utm_content=int-18-24&utm_term=1080x1080_txt_netologia&erid=2Vtzqwk2i7m), а Нетология компенсирует платежи по кредиту за первый год обучения.  Можно выбрать онлайн-бакалавриат или магистратуру, разработанные с топ вузами: НИУ ВШЭ, Финансовый университет, Московский Политех.   **__Рассчитать платеж по кредиту можно __**[**__тут__**](https://v.sber.ru/sms/ed1?utm_source=tg_postupashki&utm_medium=fix&utm_campaign=frk1_obrazovanie-credit_may-september-2026_rk2013103gr55846&utm_content=int-18-24&utm_term=1080x1080_txt_netologia&erid=2Vtzqwk2i7m).   **О__знакомиться с образовательными программами и условиями акции: __**[**__здесь.__**](https://netology.ru/legal/852);9695;0;;31101;https://t.me/postupashki;0;0;8;
2026-08-13 08:26:58+00:00;4691;;Поступашки - Олимпиады, ЕГЭ, ДВИ;1181415520;;-1;Твой будущий одногруппник би лайк;9388;13;;31101;https://t.me/postupashki;0;1;98;
2026-08-12 17:22:29+00:00;4690;;Поступашки - Олимпиады, ЕГЭ, ДВИ;1181415520;;-1;"**How to заботать математический анализ**  В этом посте подборка материалов, которая поможет сдать экзамены, поступить в ШАД и уверенно чувствовать себя на собеседовании. От первого учебника до натаскивания по задачам: всё, что нужно, собрано ниже. Делитесь своими находками в комментариях - дополним! Сразу оговорюсь: курс анализа читают 3–4 семестра, и в него часто включают элементы функционального анализа, топологии, комплексного анализа. Здесь - основная база.  Все материалы поста можно найти[ здесь](https://t.me/postypashki_old/518?comment=3233).   **Теория** **1. **[**Курс С. В. Шапошникова**](https://teach-in.ru/course/calculus-shaposhnikov-part1) (мехмат МГУ) Идеальная стартовая точка. Курс построен с большой заботой о слушателе: все темы и доказательства отобраны с умом, без лишней ""всеобщности"", когда простые вещи пытаются объяснять через общие конструкции функана. Мне особенно нравится, как сделан второй семестр. Есть записи лекций, конспекты и официальный сайт с теоретическими листками и задачами[ здесь](http://cmt.teacher.msu.ru/wiki/matan.). **2. ""Математический анализ"" В. А. Зорич** Классика мехмата - полный, фундаментальный курс. Начинающим как основной учебник может быть тяжеловат: предел и интеграл рассматриваются в основном по базе. Зато книга невероятно богата примерами и теоретическими задачами, которые постоянно встречаются в учебных листках - обратите на них внимание.  **3. ""Контрпримеры в анализе"" Б. Гелбаум, Дж. Олмстед** Сборник тонкостей и ответов на вопрос ""почему в теореме важно именно это условие"". На экзамен по анализу без набора примеров и контрпримеров идти нельзя. Здесь они собраны в одном месте. **4. ""Курс математического анализа"" Л. Д. Кудрявцев** Классика физтеха. Изложение очень связное, требует внимательного чтения: каждая лемма или теорема - не отдельный блок, а часть непрерывного доказательства. Зато даёт целостное понимание предмета. **5. ""Основы математического анализа"" и ""Курс дифференциального и интегрального исчисления"" Г. М. Фихтенгольц** То, на чём вырос матмех и бакалавриат Чебышёвки. Язык старомодный, но изложение настолько доступное, что будет понятно даже вчерашнему школьнику, за это Фихтенгольца и любят.   **Что порешать** Главное цель математического образования, чтобы вы прибрели навык: из кирпичиков теории строить и выводить что-то новое самостоятельно. Этот навык невозможно приобрести без решения задач. **1. ""Сборник задач и упражнений по математическому анализу"""" Б. П. Демидович** Классический задачник на все темы. Минус, что нет примеров решения типовых задач, но это компенсируется ""Антидемидовичем"", где подробные разборы. **2. ""Математический анализ в задачах и упражнениях"" И. А. Виноградова и др.** Задумывался как материал для семинаров. Есть краткая теория в начале каждой главы, много примеров решения задач и хороший набор теоретических задач. **3. ""Сборник задач по математическому анализу"" Л. Д. Кудрявцев и др.** Не такой богатый, как предыдущий, но как дополнительный источник для тренировки вполне годится. **4. **[**Problems.ru**](https://problems.ru/) Сайт в основном для школьников, но есть скромная подборка и по некоторым темам анализа. **5. «Интегралы и ряды» А. П. Солодов** Полезная методичка с задачами и решениями, во многом пересекается с Демидовичем.  **Где смотреть разборы задач** На первых порах бывает трудно обработать массивную теорию и отработать ее на задачах - нужны примеры решений.  **1. **[**Семинары А. А. Скубачевского**](https://vk.com/id19160711)** (ФПМИ)** Качественный материал: разобраны типичные задачи, обсуждается теория. К сожалению, охвачены не все темы (например, не нашёл ряды Фурье) . **2.**[** Семинары преподавателей МГУ**](https://teach-in.ru/course/1?tag=entangled%7C%D1%88%D0%BA%D0%BE%D0%BB%D1%8C%D0%BD%D0%B8%D0%BA%D0%B0%D0%BC%7C%D0%BB%D0%B5%D0%BA%D1%86%D0%B8%D0%B8%7C%D1%81%D0%BF%D0%B5%D1%86%D0%BA%D1%83%D1%80%D1%81%7C%D1%81%D0%B5%D0%BC%D0%B8%D0%BD%D0%B0%D1%80%D1%8B%7C%D0%BD%D0%B0%D1%83%D1%87%D0%BD%D1%8B%D0%B9%D0%B4%D0%BE%D0%BA%D0%BB%D0%B0%D0%B4%7C%D0%BC%D1%84%D0%BA&sort=title_asc&search=%D0%BC%D0%B0%D1%82%D0%B5%D0%BC%D0%B0%D1%82%D0%B8%D1%87%D0%B5%D1%81%D0%BA%D0%B8%D0%B9%20%D0%B0%D0%BD%D0%B0%D0%BB%D0%B8%D0%B7) Записи на teach-in - хорошая подборка разборов по анализу. **3. **[**Семинары преподавателей Физтеха**](https://mipt.ru/online/hi-Math/matan/?) Ещё один архив семинарских занятий с разбором задач.  Сохраняйте подборку, чтобы не потерять, и делитесь в комментариях любимыми материалами - дополним пост! А еще больше материалов в нашем канале[ ""**Поступашки - ШАД, Стажировки и Магистратура""**](http://t.me/postypashki_old).** ** **Подписаться: ****@postypashki_old**";12016;10;;31101;https://t.me/postupashki;0;0;489;
2026-08-12 16:35:03+00:00;4689;;Поступашки - Олимпиады, ЕГЭ, ДВИ;1181415520;;-1;MediaMessage;9626;29;;31101;https://t.me/postupashki;0;0;85;
2026-08-11 12:33:46+00:00;4688;;Поступашки - Олимпиады, ЕГЭ, ДВИ;1181415520;;-1;**Открываем**[** канал по экономике**](https://t.me/postupashki_economics)**, или зачем делать ставку только на математику**?  Товарищи, за время подготовки вы набираете довольно дорогой набор навыков: функции, графики, оптимизация, вероятность, комбинаторика, умение строить модели и разбираться в незнакомой задаче. И значительная часть этого нужна не только на математических олимпиадах.  Например, её можно использовать в **олимпиадной экономике**.  И здесь появляется довольно интересная стратегия: вместо того чтобы пытаться получить БВИ только через один предмет, можно использовать уже сильную математическую базу и открыть себе ещё один набор олимпиад.  Мы решили проверить, насколько это вообще реально, и [**просмотрели архивы заключительных этапов олимпиад по экономике за 10–11 классы**](https://t.me/postupashki_economics/6).  Считали задачи двух типов: — где экономика фактически только сюжет, а дальше начинается математика, — где математику достаточно знать одну формулу или небольшое экономическое понятие.  И оказалось, что **в каждой из крупных экономических олимпиад есть заметная доля таких задач**. То есть математик приходит в олимпиадную экономику уже не с нулём: часть заданий он потенциально умеет решать ещё до полноценной подготовки по предмету.  Именно поэтому мы решили развивать в Поступашках отдельное направление по [**олимпиадной экономике**.](https://t.me/postupashki_economics)  Сейчас в канале мы уже разобрали: **- **[**Сколько задач по экономике уже умеет решать математик**](https://t.me/postupashki_economics/6)** - **[**Какие олимпиады по экономике писать **](https://t.me/postupashki_economics/7)** - **[**Статистика поступления 2026: весь бюджет заняли олимпиадники**](https://t.me/postupashki_economics/9)  А скоро расскажем, как выбрать олимпиаду по экономике и календарь олимпиад 2026/2-27  Товарищи, подписываемся, учебный год уже скоро начинается, поэтому выбираем направление, олимпиады и готовимся ботать;10495;8;;31101;https://t.me/postupashki;0;0;73;
2026-08-10 17:48:24+00:00;4687;;Поступашки - Олимпиады, ЕГЭ, ДВИ;1181415520;;-1;[**Новый ролик **](https://youtu.be/4zn4-ByJwEc)**на** **нашем ютуб-канале, камрады!**  Сегодня мы готовимся к первому семинару на нашем[ **курсе по подготовке к ВУЗу**](https://t.me/postupashki/4653?single), который пройдет уже завтра и разбираем интересную задачу, которую должен уметь решать любой первокурсник в сильном ВУЗе!   А всех желающих научиться щелкать такие примеры и провести на чиле первый курс ждем на [**нашем ВУЗовском курсе**](https://t.me/postupashki/4653?single)**!**;9776;1;;31101;https://t.me/postupashki;0;0;29;
2026-08-10 08:10:54+00:00;4685;;Поступашки - Олимпиады, ЕГЭ, ДВИ;1181415520;;-1;"**Как студенту к 3му курсу выйти на стажировку**  Стратегия ""закончить ВУЗ и только потом искать работу"" - проигрышная. Пока вы учитесь, вам открыты стажировки и образовательные программы (в том числе зарубежные), которые выпускникам уже недоступны. Ими пренебрегать нельзя: после выпуска вкатиться сложнее, так как конкурировать придется не только со студентами, но и с опытными специалистами.   Разбираем пошаговый план действий, чтобы попасть в ИТ-компанию и начать зарабатывать как можно скорее.  **Шаг 1 - Не забиваем на базу** Матан, линал, теория вероятностей и программирование - фундамент всех технологий методов. На них нельзя забивать во время учебы. Но это только фундамент. Отлично, если в программе вуза есть ML, базы данных или бэкенд. Но далеко не на всех факультетах эти курсы даны в нужном объеме. Берем ответственность за свое образование в свои руки.  **Шаг 2 - Разбираемся, что ближе** Аналитика, бэкенд, машинное обучение/Data Science? Чтобы понять, пробуйте всё. Зайдите на какой-нибудь **Степик** и посмотрите курс в духе ""Машинное обучение для гуманитариев"". Курсы бесплатные, делаются энтузиастами, вау-качества ждать не стоит, но для первого знакомства - самое то.  **Шаг 3 - Погружаемся в теорию** Если направление зацепило, берите материалы посерьезнее. Например, для ML нужно разбираться в матане, линале, тервере, алгоритмах, дискретной математике и Пайтоне. Питон можно пройти на Степике, а для математики и алгоритмов нужны более глубокие курсы. Советую заглянуть в академические курсы на [**Teach-in**](https://teach-in.ru/course).   **Шаг 4 - Нетворк и сезонность** Не оставайся в вакууме. Окружай себя амбициозными ребятами. Читай статьи, ходи на конференции, участвуй в соревнованиях (Kaggle, Codeforces), вписывайся в курсы от компаний. На таких активностях можно получить рекомендацию на вакансию, приглашение на собеседование или просто найти друга, с которым будете ботать. Анонсы таких активностей публикуются в нашем [канале ""Поступашки - ШАД, Стажировки и Магистратура](http://t.me/postypashki_old)"".  **Шаг 5 - Погружаемся в практику** Параллельно с нетворком и теорией качай практику. Для начинающих есть обязательный список пет-проектов. Сделайте их, чтобы отработать теорию на реальных задачах, а не только на LeetCode. Список проектов и роадмапы по каждому направлению можно найти по [ссылке](https://old.postypashki.ru/%D1%81%D0%BE%D0%B1%D0%B5%D1%81%D0%B5%D0%B4%D0%BE%D0%B2%D0%B0%D0%BD%D0%B8%D1%8F/).  По той же ссылки можно найти роадмап освоения каждой специальности, тестовые задания с реальных отборов в компании и банк вопрос, задач с собесов. Советую время от времени тренироваться решать тестовые задания и задачи с собесов.   **Шаг 6 - Начинаем подаваться на стажировки** Подавайся везде, куда успеваешь, как можно раньше. Только не бери кринжовую работу в духе ""SQL-писателя"", которая не развивает. Ваша работа должна вас бустить как специалиста, дать опыт, который повысит вашу ценность на рынке труда.  Да, здесь будет не просто, как с олимпиадами: несколько раз может не получится, жестко не получится. Но когда-нибудь получится, главное делать выводы.    **Шаг 7 - Дополнительное образование** Чтобы расти как специалист, нужно постоянно учиться. Технологический прогресс не стоит на мест, что вчера было роскошным максимумом стало базовым минимумом сегодня. Учеба и развитие невозможно без крепкого ядра и фундамента. Я очень вам советую присмотреться к [Школе Анализа Данных](https://shad.yandex.ru/?ysclid=msm7a0ew45244875759) от Яндекса, которая даст вам именно то ядро. Там передовые программы, передовые преподаватели и заряженные студенты - все то, что нужно для классного роста.   **Шаг 8 - Качаем софт скилс ** К сожалению хороши технических знаний и навыков для устройство не достаточно. Нужно качать коммуникацию. Для начала прочитайте классику ""Как завоёвывать друзей и оказывать влияние на людей"" - классика и просто база. Там серьезно есть все советы: улыбайтесь (никакого slavic face), говорите комплименты и проявляйте внимание к чужому труду, никогда не игнорьте человека и отвечайте в течение суток, заводите small talk и тп  Итого построение карьеры - это ежедневный труд, который требует немало времени. Но если вы начнете прям сейчас следовать этим шагам, то оффер на стажировку/джуниор позицию будет у вас в кармане уже 3му курсу!   **Подписаться: ****@postypashki_old**";11448;8;;31101;https://t.me/postupashki;0;0;389;
2026-08-05 12:49:06+00:00;4683;;Поступашки - Олимпиады, ЕГЭ, ДВИ;1181415520;;-1;PollMessage: Ну что, камрады, как ваше поступление? Куда учиться пойдете?;12776;140;;31101;https://t.me/postupashki;0;0;35;
2026-08-04 16:51:03+00:00;4682;;Поступашки - Олимпиады, ЕГЭ, ДВИ;1181415520;;-1;**Товарищи, сегодня фактически последний день поступления**  Да, формальный дедлайн - это **5 августа, 12:00 по Москве**. Вчера вышли приказы по БВИ и квотам, поэтому теперь можно нормально оценить конкурсные списки.  Что бы я советовал вам сделать сегодня, если вы поступаете по ЕГЭ (всем БВИшникам, кстати обязательно записаться на [**курс подготовки к ВУЗу**](https://t.me/postupashki/4653?single)):  **1. Пересчитать бюджетные места** Посмотрите, сколько мест осталось после зачисления БВИ и квотников. Лучше ориентироваться на списки на сайтах самих вузов - обычно там информация обновляется быстрее. Плюс, во всех хороших местах анализируют приемные компании прошлых лет, выкладывают свою аналитику, обзванивают людей и тп, поэтому не поленитесь и почекайте соц сети выбранных мест/позвоните в ПК и задайте прямой вопрос о ваших шансах (это поможет вам оценить свои шансы, но точно не должно восприниматься как истина в последней инстанции).  **2. Обязательно проверьте ВПП** Это высший проходной приоритет. Проще говоря, программа, куда вы прямо сейчас точно проходите.  **3. Советую выбрать основной и резервный варианты** Основной вуз, куда вы хотите и пока проходите с небольшим запасом. Запасной вуз, где запас заметно больше и куда можно быстро переложить согласие. Вечером 4 августа обычно разумнее держать согласие именно в основном варианте.   **4. Помнить про правило двух часов** Согласие можно перекладывать не чаще одного раза в два часа. Поэтому метаться между вузами в последний момент опасно: можно просто не успеть вернуться в запасной вариант (для запаса берем хотя бы 2.5 часа).  **5. Утром проверить всё ещё раз** Завтра не поленитесь: поставьте будильник пораньше и посмотрите списки, ВПП и свой запас. Если там что-то меняется, то лучше оставить себе два часа на экстренный переход. Очень важно держать в уме, что списки обновляются с задержкой. Приёмные комиссии могут ещё обрабатывать согласия, которые принесли лично или отправили курьером. Поэтому сейчас лучше исходить из худшей оценки ситуации и принимать решение имея хотя бы какой-то запас по баллам!   И помните, камрады, **дедлайн для всех регионов и часовых поясов 5 августа, 12:00 по Москве.**;12654;17;;31101;https://t.me/postupashki;0;0;73;
2026-08-02 15:26:46+00:00;4681;;Поступашки - Олимпиады, ЕГЭ, ДВИ;1181415520;;-1;"Товарищи, последние часы финальных скидок на [**поступашкинский интенсив по подготовке к ВУЗу**](https://t.me/postupashki/4653) , который начнется уже завтра! А для камрадов, которые хотят как-то подготовиться к студенческой жизни мы создали список книг, который содержит все популярные и классические пособия по каждой математической дисциплине первого курса. Разумеется, что список в определенной мере избыточен. Это создано для того, чтобы каждый путем проб и ошибок смог найти наиболее подходящий для него курс. Ведь главное при знакомстве с любой темой - не вешать руки, когда что-то кажется непонятным и не перечитывать одно определение сотни раз, а открыть другой источник и прочитать аналогичный раздел в нем (и так до тех пор, пока к вам не придет понимание).   Да, не нужно думать, что во всех ВУЗах программы разные, и что предварительная подготовка вам ничего не даст, поскольку к курсам действительно можно подходить по-разному, но генеральная идея чаще всего остается неизменной + большее количество различных подходов даст вам более глубокое понимание темы.  Конкретно же по темам:  **Теория множеств** [**""Множества 101"" **](https://www.mccme.ru/free-books/mmmf-lectures/book.20.pdf)[**""Рассказы о множествах"" **](http://ilib.mccme.ru/pdf/rasomn.pdf)[**""Начала теории множест**](https://www.mccme.ru/free-books/shen/shen-logic-part1-2.pdf)**  **  **Математический анализ:** [**""Задачи по алгебре, арифметике и анализу""**](http://www.math.ru/lib/files/pdf/prasolov/algebra.pdf) (главы 24 - 30) [**""Анализ в 57""  **](https://mccme.ru/free-books/57/davidovich.pdf)[**""Курс мат анализа"" (Кудрявцев)  **](https://vk.ru/wall-70069380_2312?ysclid=msbxywrc2e764554639) [**""Математический анализ"" (Зорич)  **](http://www.alleng.org/d/math/math460.htm)[**""Сборник задач"" (Демидович) pod vodochku  **](http://www.alleng.org/d/math/math20.htm)[**""Курс диф и инт исчисления"" (Фихтенгольц) **](http://www.alleng.org/d/math/math169.htm)[  ](https://vk.com/wall-51126445_46358)  **Аналитическая геометрия: ** [**""Аналитическая геометрия"" (Погорелов)  **](https://vk.ru/wall-185919148_9402?ysclid=msbxzpyev2485808536) [**""Курс ангема"" (Александров)  **](https://obuchalka.org/20200803123475/lekcii-po-analiticheskoi-geometrii-popolnenii-neobhodimimi-svedeniyami-iz-algebri-aleksandrov-p-s-1968.html)[**""Ангеом и линал"" (Умнов)  **](https://new.mipt.ru/upload/mathematics/study/uchebniki/%D0%A3%D0%9F-%D0%90%D0%93%D0%B8%D0%9B%D0%90_%D0%A3%D0%BC%D0%BD%D0%BE%D0%B2_2025.pdf?ysclid=msby0l5dtx865332768) [**""Курс ангема"" (Беклемишев)**  ](https://iu9.starovoytovai.ru/sem1/linal/books/beklemishev_angem.pdf)    **Алгебра:** [**""Основы алгебры"" (Кострикин)  **](https://obuchalka.org/2017012692830/vvedenie-v-algebru-chast-1-osnovi-algebri-kostrikin-a-i-2004.html)[**""Курс высшей алгебры"" (Курош) **](https://djvu.online/file/W4glfyyoEtiZA?ysclid=msby1vhfh2154526646) [**""Лекции по алгебре"" (Фадеев)  **](https://arm-admin.xiuedu.uz/media/books/D.K.Faddeev_Lekcii_po_algebreBookSee.org.pdf) [**""Курс алгебры"" (Винберг)  **](https://djvu.online/file/MhWkByl1XwB6z?ysclid=msby31fut7375210759) [**""Алгебра"" (Ван дер Варден)  **](https://obuchalka.org/2013070372271/algebra-van-der-varden-b-l.html)[**""Задачник по алгебре""  **](http://old.math.nsc.ru/~ntr/Algebra2.pdf) [**Гайд по теории групп  **](https://vk.com/postypashki?w=wall-76552532_75827)[**""Основы теории чисел"" (Виноградов)""  **](http://mathscinet.ru/files/VinogradovIM.pdf)[**""Теория чисел"" (Бухштаб)**   ](http://mahalex.net/151-153/Buchstab.pdf)** Дискретная математика:** [**Гайд по производящим функциям  **](https://vk.com/postypashki?w=wall-76552532_437918)[**Мехматовский собрник лекций  **](https://publications.hse.ru/pubs/share/direct/393719078.pdf)[**ВШЭшный сборник лекций  **](https://publications.hse.ru/mirror/pubs/share/direct/393719078.pdf)[**Андерсон, Джеймс А. Дискретная математика и комбинаторика **  ](https://obuchalka.org/20210216129367/diskretnaya-matematika-i-kombinatorika-anderson-d-a-2004.html)** Ссылки** **на архивы материалов:** [**ВШЭ (МатФак)  **](https://math.hse.ru/archive)[**ВШЭ (ФКН)  **](http://wiki.cs.hse.ru/Заглавная_страница)[**ИТМО **](https://neerc.ifmo.ru/wiki/index.php?title=Заглавная_страница)[**Лекторий МГУ**](https://teach-in.ru/)  Надеюсь, что данная подборка поможет всем поступашкинцам успешно продолжить обучение в ВУЗе и превратиться в настоящие машины 😎😎😎";12820;3;;31101;https://t.me/postupashki;0;0;286;
2026-08-01 14:20:42+00:00;4680;;Поступашки - Олимпиады, ЕГЭ, ДВИ;1181415520;;-1;**Товарищи, уже завтра стартует **[**курс к ВУЗу**](https://t.me/postupashki/4653)**!**  **Хорошая новость:** вы успеваете присоединиться со скидкой 45% до завтра включительно. **Плохая новость:** после старта курса стоимость повысится — и такой цены больше не будет.  ❓ Кстати, пришло много вопросов о курсе. Разберу их тут:  **А если я не поступаю в МГУ или МФТИ, программа курса мне подойдет?**  Мы составляли программу вместе с преподавателями и ориентировались на программы  ведущих технических вузов — МФТИ, МГУ, ВШЭ, ИТМО, Бауманки и других. При этом сами темы везде очень похожи, поэтому курс подойдет любому первокурснику математического/айти/экономического направления.  **Какой уровень математики должен быть, что осилить курс?**  Не нужно переживать, что курс окажется слишком сложным. Порог входа достаточно низкий: он подойдёт и тем, кто поступал по ЕГЭ, и олимпиадникам. Начинаем с базовых вещей, спокойно объясняем новую вузовскую математику и постепенно переходим к задачам уровня первого семестра. Поэтому даже если сейчас слова «матанализ» и «линейная алгебра» звучат страшно, это совершенно нормально, всему нужному научим.  **Как долго будут доступны материалы курса?**  Все материалы курса останутся у вас бессрочно. К ним можно будет возвращаться уже во время учёбы, когда соответствующие темы начнутся в вузе. Преподаватель при этом будет на связи до конца первого семестра: можно задавать вопросы по курсу, разбирать непонятные моменты из университетской программы и готовиться к первой сессии.  **Зачем идти на курс, если в универе все будет с 0?**  Потому что в вузе объяснят, но в другом темпе. Если не успеть разобраться с первых недель, догонять программу будет гораздо сложнее. За прошлые годы мы видели десятки ребят, которые благодаря интенсиву спокойно закрывали первый семестр и могли уделять время проектам, стажировкам и карьере, а не бесконечным пересдачам.  Ну и мы настолько уверены в программе, что даём **гарантию**: если вы пройдёте курс, выполните рекомендации, но не закроете первую сессию на 4 или 5, мы вернём полную стоимость обучения.  📌 Для вопросов и записи на курс [**пишите менеджеру**](https://t.me/m/lyEfAHYzNDhi);11897;4;;31101;https://t.me/postupashki;0;0;47;
2026-08-01 07:55:19+00:00;4679;;Поступашки - Олимпиады, ЕГЭ, ДВИ;1181415520;;-1;**ФКИ МГУ**  Камрады, совсем скоро вы станете студентами и, чтобы у вас было понимание, с чем именно вы столкнетесь, мы продолжаем новую серию постов, посвященных отзывам на конкретные факультеты. Сегодня поговорим про Факультет Космических Исследований МГУ, пост написан одним из выпускников [**нашего курса по подготовке к ВУЗу**](https://t.me/postupashki/4653)**. **  __**Что было до поступления**  Я учился в самой обычной школе. Более того, мой классный руководитель в 11 классе был уверен, что ЕГЭ по математике я завалю и наберу максимум 40 баллов. В итоге жизнь распорядилась иначе --- почти без подготовки я написал экзамен в районе 90 баллов.  Мой олимпиадный путь вообще начался случайно. В 4 классе я стал призёром муниципального этапа по астрономии, после чего постепенно втянулся. За годы школы успел попробовать себя в самых разных направлениях: астрономии, математике, физике, химии и информатике. Основным профилем всё же была астрономия, но широкий круг интересов позволил посмотреть на разные области. К 11 классу у меня уже был такой набор олимпиад, что я мог поступить без вступительных практически на любой естественно-научный или технический факультет МГУ.  К тому моменту я уже понимал, что хочу заниматься анализом данных и машинным обучением. В 11 классе успел попробовать себя в небольших проектах и понял, что именно это направление мне интересно. После публикации результатов ЕГЭ возник главный вопрос: куда поступать? В итоге я выбирал между тремя факультетами МГУ: ВМК, ФКИ и физфаком.  Мехмат даже не рассматривал --- тогда меня убедили, что это практически полностью фундаментальная математика без современной прикладной составляющей. Сейчас понимаю, что это было немного упрощённое представление, а пост выше, на мой взгляд, достаточно хорошо описывает ситуацию на мехмате.  После общения с приёмной комиссией физфака понял, что это слишком фундаментальная история с точки зрения именно моих интересов.  В итоге остались ВМК и ФКИ. Меня подкупили несколько вещей: специалитет (не нужно потом отдельно поступать в магистратуру), космическая тематика и заверения приёмной комиссии, что на факультете достаточно анализа данных, а физика даётся постепенно и с нуля. Честно скажу --- последнее оказалось не совсем так.  **Первый курс**  Первое, что приятно удивило, --- математический анализ. Материал действительно объяснялся очень подробно, практически с нуля. За это хочу отдельно поблагодарить Веронику Евгеньевну Владыкину. Благодаря её лекциям матанализ оказался значительно понятнее, чем я ожидал.  Весь первый курс я практически не работал и почти всё время посвящал учёбе. Максимум --- репетиторство и собственные проекты. Сейчас понимаю, что даже это было не лучшей идеей: постоянный недосып и отсутствие отдыха со временем начали сказываться на здоровье. Поэтому советую всё-таки искать баланс.  Не со всеми дисциплинами повезло одинаково. Например, линейную алгебру и аналитическую геометрию мне пришлось изучать дополнительно во многом самому, посещая лекции мехмата. Вообще многое зависит от преподавателя: есть предметы, после которых остаётся ощущение, что ты действительно вырос, а есть курсы, где значительную часть материала приходится осваивать самостоятельно. Но, думаю, это верно почти для любого места обучения.  Несмотря на это, обе первые сессии удалось закрыть на отлично. Да и вообще за всё время обучения единственной оценкой ниже «отлично» у меня стал английский язык. При этом я понял одну важную вещь: хорошие оценки здесь вполне реально получать без бесконечной зубрёжки. Намного важнее активно работать на парах, понимать материал и не накапливать долги по предметам.  Факультет активно организует студенческую жизнь: Хэллоуин, Новый год, День студента и множество других мероприятий. Сам я почти нигде не участвовал, потому что практически всё свободное время уходило на учёбу, но многие одногруппники отзывались о них очень тепло.  Ещё одна сильная сторона факультета --- помощь младшим курсам. Домашние задания по многим предметам проверяют студенты старших курсов. К ним всегда можно обратиться с вопросом, попросить объяснить сложную тему или помочь разобраться с ошибкой. Благодаря этому адаптация проходит гораздо легче, и ты никогда не остаёшься один на один с предметом.  **Второй курс**  На втором курсе наконец появились теория вероятностей и математическая статистика. Материал снова преподавался практически с нуля, поэтому первые недели было даже немного скучно. Но позже я понял, насколько полезной оказалась именно математическая сторона этих дисциплин.  Лекции читал Артём Маркович Савчук. Благодаря ему статистика перестала восприниматься как набор готовых методов и библиотек, а стала полноценной математической дисциплиной. А вот физика стала настоящим испытанием. Огромный объём материала, который нужно понимать и помнить. Перед экзаменом пришлось буквально жить с конспектами. Но в итоге всё удалось закрыть на отлично.  Именно тогда я понял ещё одну особенность факультета. Несмотря на то что меня интересовали анализ данных и программирование, значительная часть программы посвящена фундаментальным дисциплинам. Если вы хотите с первого курса изучать исключительно машинное обучение, нейросети и современные фреймворки, то ожидания, скорее всего, не совпадут с реальностью.  К концу второго курса я понял, что пора получать реальный опыт, и устроился работать бизнес-аналитиком. Тогда впервые пришлось учиться совмещать полноценную работу и университет. Это оказалось гораздо сложнее, чем казалось сначала.  **Третий курс**  Для меня третий курс оказался самым тяжёлым. Во многом из-за английского языка. В школе я изучал французский, поэтому подготовка к университетскому экзамену далась непросто. Тем не менее экзамен удалось сдать на «хорошо», а главное --- после этого я начал свободно читать профессиональную литературу и статьи на английском языке. Также именно здесь появляются квантовая механика и ряд других непростых дисциплин. Если честно, квантовая механика иногда воспринималась как отдельный уровень сложности.  Весенний семестр, наоборот, показался значительно спокойнее. Из действительно сложных предметов для меня выделялась только электродинамика. Именно на третьем курсе я начал выполнять курсовую работу под руководством своего научного руководителя, который также работает в одной из крупных технологических компаний. По результатам этой работы он предложил мне присоединиться к своей команде Data Science. Благодаря этому я наконец смог уйти из бизнес-аналитики, которая со временем перестала быть мне интересна, и полностью переключиться на направление, которым действительно хотел заниматься. Для меня это стало отличным примером того, что университетские проекты могут иметь вполне реальные последствия и стать отправной точкой для начала карьеры в индустрии.  **Что в итоге**  За три года я ни разу не пожалел, что поступил именно на ФКИ. Факультет научил быстро разбираться в новых темах и показал, насколько важно уметь самостоятельно осваивать сложный материал. Но назвать факультет идеальным я тоже не могу. Хотелось бы видеть еще больше прикладных дисциплин по Data Science, машинному обучению, инженерии данных и разработке. Конечно, невозможно уместить всё в одну образовательную программу, поэтому многие современные инструменты и технологии приходится изучать самостоятельно. Лично мне иногда не хватало более глубокого погружения именно в прикладные аспекты этих направлений.  При этом важно понимать одну вещь. Это проблема не только ФКИ --- практически любой университет даёт прежде всего фундамент. Если вы хотите попасть на хорошие стажировки, работать с современными технологиями или развиваться в Data Science, Machine Learning, AI и других прикладных направлениях, придётся самостоятельно изучать новые инструменты, делать собственные проекты, участвовать в олимпиадах, хакатонах и постоянно учиться вне основной программы. Наверное, это главный вывод, который я сделал за время обучения. Университет даёт фундамент. А то, насколько высоким получится построенный на нём дом, зависит уже только от вас.__  Если вы хотите поделиться с аудиторией свои обзором на ВУЗ в котором вы учились - [**пишите в лс**](https://t.me/Koshan_dr)!;11235;19;;31101;https://t.me/postupashki;0;0;57;
